brand_name,primary_category,avg_review_rating,avg_product_rating,total_reviews,avg_price,total_loves,pct_recommended
Algenist,Skincare,4.31,4.31,8741,77.66,67870,0.85
Alpha-H,Skincare,4.47,4.47,1265,56.66,18300,0.91
Anastasia Beverly Hills,Skincare,4.56,4.56,27,45.0,4568,0.89
Augustinus Bader,Skincare,4.35,4.35,2172,185.14,16116,0.86
BeautyBio,Skincare,4.3,4.3,1337,82.89,18126,0.84
Benefit Cosmetics,Skincare,4.67,4.67,3536,37.72,1773,0.96
Biossance,Skincare,4.21,4.21,12365,52.9,167407,0.81
Bobbi Brown,Skincare,4.49,4.49,4571,65.26,171118,0.91
CANOPY,Skincare,4.45,4.44,69,150.0,7559,0.86
CAY SKIN,Skincare,4.26,4.27,785,27.56,23148,0.83
CLINIQUE,Skincare,4.25,4.25,49029,36.39,185324,0.83
COOLA,Skincare,4.05,4.05,2267,42.6,41546,0.8
Caudalie,Skincare,4.33,4.33,20729,51.66,185939,0.85
Charlotte Tilbury,Skincare,4.28,4.28,6514,86.29,111513,0.84
Clarins,Skincare,4.32,4.32,5647,80.16,59652,0.87
Community Sixty-Six,Skincare,3.92,3.92,1018,23.34,3298,0.76
DAMDAM,Skincare,4.74,4.74,1128,49.09,14376,0.96
DERMAFLASH,Skincare,3.78,3.79,514,133.76,51300,0.69
Danessa Myricks Beauty,Skincare,4.63,4.63,67,30.0,10153,0.88
Dermalogica,Skincare,4.61,4.61,24415,52.47,110141,0.93
Dior,Skincare,4.42,4.42,6150,102.34,47079,0.89
Dr. Barbara Sturm,Skincare,4.04,4.04,5995,158.81,8905,0.76
Dr. Brandt Skincare,Skincare,4.19,4.19,4354,67.97,21773,0.85
Dr. Dennis Gross Skincare,Skincare,4.5,4.5,14423,80.99,234295,0.91
Dr. Jart+,Skincare,4.17,4.17,24000,35.17,210786,0.81
Dr. Lara Devgan Scientific Beauty,Skincare,4.72,4.72,1421,145.97,14302,0.93
Dr. Zenovia Skincare,Skincare,4.5,4.5,3314,50.33,8366,0.93
Drunk Elephant,Skincare,4.09,4.09,42395,54.97,411372,0.77
EADEM,Skincare,4.59,4.61,481,56.25,15740,0.92
Erno Laszlo,Skincare,5.0,5.0,2,62.5,673,1.0
Estée Lauder,Skincare,4.19,4.19,17341,90.32,58873,0.84
Evian,Skincare,4.54,4.54,2026,16.72,31434,0.88
FOREO,Skincare,3.89,3.89,1143,180.61,17954,0.75
FaceGym,Skincare,4.66,4.66,1013,75.16,5438,0.94
Farmacy,Skincare,4.44,4.44,26536,44.39,403801,0.86
Fenty Skin,Skincare,4.25,4.25,4806,32.33,119797,0.83
First Aid Beauty,Skincare,4.35,4.35,24280,33.52,300432,0.83
Flora + Bast,Skincare,4.61,4.61,199,76.5,13007,0.88
Freck Beauty,Skincare,4.45,4.45,432,33.03,17528,0.9
GLO Science,Skincare,4.13,4.13,1271,113.46,95949,0.82
GUERLAIN,Skincare,4.35,4.35,3823,111.82,26130,0.88
Gisou,Skincare,4.9,4.95,81,32.0,547,0.98
Glossier,Skincare,4.01,4.07,386,25.3,17832,0.76
Glow Recipe,Skincare,4.32,4.32,31490,33.56,389213,0.84
Gucci,Skincare,4.67,4.67,451,78.0,6498,0.94
HABIT,Skincare,4.52,4.52,457,30.0,9474,0.88
HUM Nutrition,Skincare,4.26,4.26,4411,28.09,49678,0.85
Hanni,Skincare,4.62,4.62,493,45.66,5333,0.93
Herbivore,Skincare,4.24,4.24,9647,47.69,126177,0.8
Hourglass,Skincare,4.63,4.63,416,82.15,4836,0.93
Hyper Skin,Skincare,4.53,4.53,332,45.55,13429,0.91
ILIA,Skincare,3.97,3.97,1095,56.44,35799,0.77
INC.redible,Skincare,4.14,4.14,218,15.61,30543,0.8
IT Cosmetics,Skincare,4.29,4.29,9772,38.99,94058,0.85
Iconic London,Skincare,4.52,4.5,66,27.3,6187,0.88
Isle of Paradise,Skincare,3.86,3.86,5985,31.32,209716,0.73
JLo Beauty,Skincare,4.11,4.11,3004,57.65,13307,0.79
Jack Black,Skincare,4.68,4.68,3658,10.26,123439,0.91
Jillian Dempsey,Skincare,4.43,4.43,67,195.0,10451,0.87
Josie Maran,Skincare,4.37,4.37,17154,46.19,134089,0.86
KORA Organics,Skincare,4.36,4.36,7307,51.82,40323,0.85
KORRES,Skincare,4.44,4.44,13752,38.2,38097,0.91
Kate McLeod,Skincare,4.66,4.66,134,68.0,1182,0.94
Kate Somerville,Skincare,4.3,4.3,15729,69.41,93898,0.85
Kiehl's Since 1851,Skincare,4.27,4.27,21720,53.05,201776,0.83
Koh Gen Do,Skincare,4.48,4.48,284,23.0,23197,0.79
Kosas,Skincare,4.33,4.33,335,34.68,22688,0.85
L'Occitane,Skincare,4.04,4.04,237,97.27,12040,0.72
LANEIGE,Skincare,4.37,4.37,27519,25.88,1081315,0.84
LAWLESS,Skincare,4.6,4.6,251,32.0,12625,0.92
La Mer,Skincare,4.23,4.23,6559,235.73,90776,0.81
Lancôme,Skincare,4.45,4.45,12682,80.42,82978,0.91
MACRENE actives,Skincare,4.78,4.88,327,141.24,422,0.96
MARA,Skincare,4.86,4.87,944,65.47,6580,0.98
MERIT,Skincare,4.64,4.65,488,38.0,45008,0.93
MILK MAKEUP,Skincare,4.13,4.13,5636,34.09,107607,0.81
Mario Badescu,Skincare,3.98,3.99,2164,13.51,57039,0.75
Moon Juice,Skincare,4.43,4.43,2079,41.88,43083,0.87
Mount Lai,Skincare,4.1,4.09,870,39.85,93790,0.79
Murad,Skincare,4.34,4.34,24144,50.52,56973,0.87
NUDESTIX,Skincare,4.13,4.14,381,34.98,5697,0.86
Naturally Serious,Skincare,4.5,4.5,1408,32.2,8129,0.9
NuFACE,Skincare,3.88,3.88,495,324.09,16672,0.76
Nécessaire,Skincare,4.59,4.58,678,36.67,21558,0.92
OLEHENRIKSEN,Skincare,4.37,4.37,25072,45.55,182201,0.87
ONE/SIZE by Patrick Starrr,Skincare,4.17,4.17,510,20.98,18322,0.81
Origins,Skincare,4.36,4.36,29063,32.44,194892,0.87
PMD,Skincare,4.4,4.4,802,167.74,24832,0.85
PROVEN Skincare,Skincare,4.34,4.34,209,169.99,1660,0.83
Paula's Choice,Skincare,4.48,4.48,6450,39.25,275846,0.89
Peace Out,Skincare,4.17,4.17,11038,22.27,316297,0.81
Peter Thomas Roth,Skincare,4.32,4.32,28846,51.96,73776,0.85
Prima,Skincare,4.44,4.44,791,68.0,6914,0.93
RANAVAT,Skincare,4.58,4.58,1061,82.64,7269,0.92
REN Clean Skincare,Skincare,4.27,4.27,9166,47.12,76269,0.83
ROSE INC,Skincare,4.62,4.62,1186,48.16,8679,0.93
ROSE Ingleton MD,Skincare,4.68,4.68,247,74.85,4096,0.94
Rosebud Perfume Co.,Skincare,4.54,4.54,12534,7.36,81724,0.82
SEPHORA COLLECTION,Skincare,4.12,4.12,16986,11.19,266116,0.79
SK-II,Skincare,4.13,4.13,10749,157.62,112101,0.78
SOBEL SKIN Rx,Skincare,4.31,4.31,313,87.06,6274,0.87
Saie,Skincare,4.1,4.09,183,38.0,14842,0.75
Saint Jane Beauty,Skincare,4.56,4.56,1084,79.14,21687,0.89
Shani Darden Skin Care,Skincare,4.36,4.36,3375,76.89,63782,0.86
Shiseido,Skincare,4.5,4.5,19941,48.33,133163,0.91
Skin Laundry,Skincare,4.24,4.24,206,19.59,7009,0.79
Skinfix,Skincare,4.41,4.41,11748,40.11,206494,0.86
Slip,Skincare,3.93,3.93,692,81.58,136640,0.72
Sol de Janeiro,Skincare,4.13,4.13,1355,18.0,118586,0.77
Soleil Toujours,Skincare,4.51,4.51,37,51.68,1880,0.84
St. Tropez,Skincare,4.35,4.35,4448,37.09,33699,0.87
StriVectin,Skincare,4.53,4.53,1202,71.94,11839,0.9
Sulwhasoo,Skincare,4.56,4.56,5788,78.36,31523,0.91
Summer Fridays,Skincare,4.15,4.15,15004,39.59,359649,0.79
Sunday Riley,Skincare,4.22,4.22,25388,80.83,262434,0.82
Supergoop!,Skincare,4.07,4.08,19675,34.12,302951,0.76
TAN-LUXE,Skincare,4.06,4.06,1490,47.49,55771,0.77
TULA Skincare,Skincare,4.15,4.15,4387,40.52,19298,0.83
TWEEZERMAN,Skincare,2.71,2.71,38,10.0,5661,0.42
Tata Harper,Skincare,4.15,4.15,4733,87.78,55191,0.79
Tatcha,Skincare,4.24,4.24,46770,53.16,388775,0.81
The INKEY List,Skincare,4.0,4.01,25706,11.47,200087,0.77
The Nue Co.,Skincare,4.32,4.29,926,43.27,6299,0.85
The Ordinary,Skincare,4.21,4.21,35934,11.05,763168,0.82
The Outset,Skincare,4.66,4.66,1169,43.25,7728,0.93
Topicals,Skincare,3.66,3.66,1838,28.0,139007,0.69
Tower 28 Beauty,Skincare,4.17,4.18,1015,15.62,91499,0.8
WASO,Skincare,4.44,4.44,3686,34.39,9824,0.91
Wander Beauty,Skincare,4.08,4.08,565,26.07,47687,0.78
Wishful,Skincare,4.32,4.32,6786,35.58,63463,0.85
Youth To The People,Skincare,4.28,4.28,29154,36.3,404142,0.82
alpyn beauty,Skincare,4.6,4.6,2460,51.36,28060,0.91
bareMinerals,Skincare,4.43,4.43,3727,65.0,7614,0.93
belif,Skincare,4.48,4.48,22519,37.69,265050,0.9
caliray,Skincare,4.5,4.5,24,48.0,789,0.96
fresh,Skincare,4.38,4.38,40886,46.96,282865,0.87
goop,Skincare,4.25,4.25,12050,70.71,17838,0.84
iNNBEAUTY PROJECT,Skincare,4.5,4.51,2803,29.98,41560,0.89
iluminage,Skincare,3.67,3.67,100,449.0,14204,0.59
innisfree,Skincare,4.56,4.56,4363,19.9,145749,0.91
lilah b.,Skincare,4.38,4.38,103,14.0,6802,0.83
tarte,Skincare,4.25,4.25,9123,32.64,79986,0.79
