review_year,review_month,primary_category,avg_rating,total_reviews,pct_recommended
2008,8,Skincare,4.25,28,
2008,9,Skincare,4.48,1339,
2008,10,Skincare,4.37,435,
2008,11,Skincare,4.46,457,
2008,12,Skincare,4.46,502,
2009,1,Skincare,4.47,511,
2009,2,Skincare,4.41,393,
2009,3,Skincare,4.39,983,
2009,4,Skincare,4.43,939,
2009,5,Skincare,4.45,1114,
2009,6,Skincare,4.45,826,
2009,7,Skincare,4.46,728,
2009,8,Skincare,4.51,1083,
2009,9,Skincare,4.49,778,
2009,10,Skincare,4.49,742,
2009,11,Skincare,4.44,623,
2009,12,Skincare,4.49,989,
2010,1,Skincare,4.53,1274,
2010,2,Skincare,4.49,996,
2010,3,Skincare,4.45,1221,
2010,4,Skincare,4.48,1211,
2010,5,Skincare,4.46,1371,
2010,6,Skincare,4.46,1070,
2010,7,Skincare,4.46,1138,
2010,8,Skincare,4.49,1186,
2010,9,Skincare,4.44,577,
2010,10,Skincare,4.42,967,
2010,11,Skincare,4.37,993,
2010,12,Skincare,4.43,1481,
2011,1,Skincare,4.43,1359,
2011,2,Skincare,4.37,986,
2011,3,Skincare,4.4,1108,
2011,4,Skincare,4.41,1131,
2011,5,Skincare,4.44,1161,
2011,6,Skincare,4.39,939,
2011,7,Skincare,4.51,942,
2011,8,Skincare,4.48,1001,
2011,9,Skincare,4.39,405,
2011,10,Skincare,4.45,887,
2011,11,Skincare,4.52,1146,
2011,12,Skincare,4.53,1352,
2012,1,Skincare,4.51,1471,
2012,2,Skincare,4.44,1153,
2012,3,Skincare,4.48,1149,
2012,4,Skincare,4.47,510,
2012,5,Skincare,4.46,628,
2012,6,Skincare,4.48,816,
2012,7,Skincare,4.41,867,
2012,8,Skincare,4.44,952,
2012,9,Skincare,4.35,869,
2012,10,Skincare,4.41,838,
2012,11,Skincare,4.43,1109,
2012,12,Skincare,4.45,1438,
2013,1,Skincare,4.44,1708,
2013,2,Skincare,4.4,1413,
2013,3,Skincare,4.36,1564,
2013,4,Skincare,4.39,1389,
2013,5,Skincare,4.45,1269,
2013,6,Skincare,4.44,996,
2013,7,Skincare,4.42,962,
2013,8,Skincare,4.33,1126,
2013,9,Skincare,4.39,1069,
2013,10,Skincare,4.36,1206,
2013,11,Skincare,4.38,1423,
2013,12,Skincare,4.42,1496,
2014,1,Skincare,4.34,1844,
2014,2,Skincare,4.29,1577,
2014,3,Skincare,4.32,1550,
2014,4,Skincare,4.34,1965,
2014,5,Skincare,4.35,1561,
2014,6,Skincare,4.3,1447,
2014,7,Skincare,4.3,1444,
2014,8,Skincare,4.3,1281,
2014,9,Skincare,4.28,1177,
2014,10,Skincare,4.24,1151,
2014,11,Skincare,4.39,1477,
2014,12,Skincare,4.36,1750,
2015,1,Skincare,4.29,2370,
2015,2,Skincare,4.2,1868,
2015,3,Skincare,4.26,1927,
2015,4,Skincare,4.29,2039,
2015,5,Skincare,4.25,1742,
2015,6,Skincare,4.21,1483,
2015,7,Skincare,4.28,1476,
2015,8,Skincare,4.27,1237,
2015,9,Skincare,4.23,1183,
2015,10,Skincare,4.23,1296,
2015,11,Skincare,4.31,2241,
2015,12,Skincare,4.32,2728,
2016,1,Skincare,4.29,2964,
2016,2,Skincare,4.31,2660,
2016,3,Skincare,4.27,2415,
2016,4,Skincare,4.28,3025,
2016,5,Skincare,4.3,2690,
2016,6,Skincare,4.28,2416,
2016,7,Skincare,4.33,2590,
2016,8,Skincare,4.37,2773,
2016,9,Skincare,4.34,2336,
2016,10,Skincare,4.27,2633,
2016,11,Skincare,4.27,3105,
2016,12,Skincare,4.33,3530,
2017,1,Skincare,4.31,4406,
2017,2,Skincare,4.27,3444,
2017,3,Skincare,4.42,3290,
2017,4,Skincare,4.25,2773,
2017,5,Skincare,4.28,2755,
2017,6,Skincare,4.24,2903,
2017,7,Skincare,4.35,4766,
2017,8,Skincare,4.36,5949,0.94
2017,9,Skincare,4.49,8750,0.9
2017,10,Skincare,4.37,4673,0.87
2017,11,Skincare,4.32,5181,0.85
2017,12,Skincare,4.33,5702,0.84
2018,1,Skincare,4.36,8673,0.85
2018,2,Skincare,4.31,7131,0.83
2018,3,Skincare,4.33,7401,0.84
2018,4,Skincare,4.34,10332,0.85
2018,5,Skincare,4.37,7925,0.86
2018,6,Skincare,4.45,6874,0.88
2018,7,Skincare,4.42,10815,0.89
2018,8,Skincare,4.41,10117,0.88
2018,9,Skincare,4.32,7605,0.84
2018,10,Skincare,4.21,6596,0.81
2018,11,Skincare,4.2,6599,0.8
2018,12,Skincare,4.32,7928,0.84
2019,1,Skincare,4.32,12438,0.85
2019,2,Skincare,4.27,9774,0.82
2019,3,Skincare,4.34,12435,0.85
2019,4,Skincare,4.28,14901,0.84
2019,5,Skincare,4.23,14073,0.82
2019,6,Skincare,4.23,11415,0.82
2019,7,Skincare,4.25,11291,0.83
2019,8,Skincare,4.27,15222,0.84
2019,9,Skincare,4.22,12579,0.82
2019,10,Skincare,4.1,9182,0.79
2019,11,Skincare,4.04,8189,0.76
2019,12,Skincare,4.24,12361,0.83
2020,1,Skincare,4.27,21506,0.85
2020,2,Skincare,4.21,17399,0.82
2020,3,Skincare,4.28,19330,0.84
2020,4,Skincare,4.13,23924,0.79
2020,5,Skincare,4.19,23910,0.81
2020,6,Skincare,4.16,18621,0.8
2020,7,Skincare,4.15,16007,0.8
2020,8,Skincare,4.24,21086,0.83
2020,9,Skincare,4.25,15590,0.84
2020,10,Skincare,4.19,16240,0.82
2020,11,Skincare,4.2,10054,0.81
2020,12,Skincare,4.24,11782,0.82
2021,1,Skincare,4.28,19808,0.83
2021,2,Skincare,4.3,18848,0.85
2021,3,Skincare,4.3,18806,0.84
2021,4,Skincare,4.29,22570,0.84
2021,5,Skincare,4.27,19433,0.83
2021,6,Skincare,4.3,18086,0.84
2021,7,Skincare,4.35,14478,0.86
2021,8,Skincare,4.35,15548,0.86
2021,9,Skincare,4.43,16030,0.88
2021,10,Skincare,4.38,13849,0.87
2021,11,Skincare,4.22,10223,0.81
2021,12,Skincare,4.4,14333,0.87
2022,1,Skincare,4.33,22005,0.86
2022,2,Skincare,4.36,17540,0.87
2022,3,Skincare,4.34,18815,0.85
2022,4,Skincare,4.28,18957,0.83
2022,5,Skincare,4.27,14528,0.84
2022,6,Skincare,4.31,14503,0.84
2022,7,Skincare,4.37,17184,0.86
2022,8,Skincare,4.41,21277,0.88
2022,9,Skincare,4.31,15792,0.85
2022,10,Skincare,4.32,11384,0.87
2022,11,Skincare,4.27,8536,0.85
2022,12,Skincare,4.48,11706,0.89
2023,1,Skincare,4.35,16907,0.86
2023,2,Skincare,4.21,16754,0.82
2023,3,Skincare,4.31,15870,0.85
